accuracy,precision,recall,f1,top_3_accuracy,test_loss
0.7183098591549296,0.721830985915493,0.7183098591549296,0.71033895681783,0.8450704225352113,1.5896646976470947
